t,ecg,ppg,spo2
1762842888.344567,373.0,137.0,172.0
1762842888.360065,387.0,136.0,151.0
1762842888.3849077,343.0,137.0,142.0
1762842888.4370646,339.0,136.0,140.0
1762842888.4377308,366.0,136.0,140.0
1762842888.4685478,362.0,136.0,139.0
1762842888.5068436,375.0,137.0,139.0
1762842888.5311894,384.0,137.0,139.0
1762842888.548344,375.0,136.0,140.0
1762842888.5689623,326.0,136.0,139.0
1762842888.6067011,318.0,136.0,139.0
1762842888.637484,326.0,136.0,139.0
1762842888.6723874,308.0,136.0,139.0
1762842888.680615,310.0,136.0,139.0
1762842888.7143698,318.0,136.0,139.0
1762842888.7286906,321.0,136.0,139.0
1762842888.7597852,332.0,136.0,139.0
1762842888.7943232,342.0,137.0,139.0
1762842888.8365767,363.0,136.0,139.0
1762842888.8402035,349.0,136.0,139.0
1762842888.8623948,332.0,137.0,139.0
1762842888.8886187,345.0,136.0,139.0
1762842888.9297135,380.0,136.0,139.0
1762842888.9652057,406.0,136.0,139.0
1762842889.0004234,409.0,136.0,139.0
1762842889.004872,394.0,137.0,139.0
1762842889.0254304,387.0,136.0,139.0
1762842889.0477154,384.0,136.0,139.0
1762842889.100875,385.0,136.0,139.0
1762842889.1014948,397.0,137.0,139.0
1762842889.143797,381.0,136.0,139.0
1762842889.1821046,376.0,136.0,139.0
1762842889.1857128,384.0,136.0,139.0
1762842889.2082493,373.0,136.0,139.0
1762842889.2329803,374.0,137.0,139.0
1762842889.280135,376.0,136.0,139.0
1762842889.2943442,364.0,136.0,139.0
1762842889.3185291,368.0,136.0,139.0
1762842889.3530185,364.0,137.0,139.0
1762842889.3756347,372.0,136.0,139.0
1762842889.4019313,321.0,136.0,139.0
1762842889.416631,312.0,136.0,139.0
1762842889.4574354,338.0,136.0,139.0
1762842889.4934943,338.0,137.0,139.0
1762842889.4994853,304.0,137.0,139.0
1762842889.5322692,302.0,136.0,139.0
1762842889.5542336,290.0,136.0,139.0
1762842889.5806582,287.0,136.0,139.0
1762842889.6243978,286.0,136.0,139.0
1762842889.6259344,296.0,136.0,139.0
1762842889.6610358,300.0,136.0,139.0
1762842889.698262,310.0,137.0,139.0
1762842889.7215233,314.0,136.0,139.0
1762842889.7922635,333.0,137.0,139.0
1762842889.7988641,353.0,136.0,139.0
1762842889.8001664,354.0,137.0,139.0
1762842889.813567,370.0,136.0,139.0
1762842889.8386757,371.0,136.0,139.0
1762842889.8763578,363.0,136.0,139.0
1762842889.9102733,351.0,137.0,139.0
1762842889.934032,368.0,136.0,139.0
1762842889.95421,373.0,136.0,139.0
1762842889.9698007,364.0,136.0,139.0
1762842890.0015388,368.0,137.0,139.0
1762842890.0441945,364.0,136.0,139.0
1762842890.0800483,365.0,136.0,139.0
1762842890.0827777,354.0,136.0,139.0
1762842890.1060815,373.0,137.0,139.0
1762842890.1311872,347.0,137.0,139.0
1762842890.1743383,307.0,137.0,139.0
1762842890.2110953,285.0,136.0,139.0
1762842890.2273533,304.0,137.0,139.0
1762842890.2519243,294.0,137.0,139.0
1762842890.2756746,270.0,137.0,139.0
1762842890.300391,270.0,136.0,139.0
1762842890.3141263,308.0,136.0,140.0
1762842890.353758,323.0,136.0,139.0
1762842890.3953595,331.0,136.0,139.0
1762842890.4351382,329.0,136.0,139.0
1762842890.4376285,340.0,136.0,139.0
1762842890.462456,357.0,136.0,139.0
1762842890.483689,346.0,137.0,139.0
1762842890.4981797,345.0,137.0,139.0
1762842890.5333078,357.0,136.0,139.0
1762842890.5717108,356.0,136.0,139.0
1762842890.6071732,351.0,136.0,139.0
1762842890.608654,342.0,136.0,139.0
1762842890.636487,339.0,137.0,139.0
1762842890.6583602,348.0,136.0,139.0
1762842890.7040586,341.0,137.0,139.0
1762842890.769727,354.0,137.0,139.0
1762842890.772549,347.0,136.0,139.0
1762842890.77529,347.0,136.0,139.0
1762842890.7980242,345.0,136.0,139.0
1762842890.8214185,347.0,136.0,139.0
1762842890.8422365,340.0,136.0,139.0
1762842890.8705647,334.0,136.0,139.0
1762842890.927038,341.0,136.0,139.0
1762842890.9304078,340.0,136.0,139.0
1762842890.9566495,317.0,136.0,139.0
1762842890.980355,327.0,136.0,139.0
1762842891.0256517,328.0,136.0,139.0
1762842891.0264573,331.0,136.0,139.0
1762842891.059939,336.0,136.0,139.0
1762842891.0986412,350.0,136.0,139.0
1762842891.1218402,347.0,136.0,139.0
1762842891.1451921,332.0,136.0,139.0
1762842891.1613104,341.0,136.0,139.0
1762842891.192168,353.0,137.0,139.0
1762842891.259393,339.0,136.0,139.0
1762842891.270234,352.0,137.0,139.0
1762842891.2727551,332.0,136.0,139.0
1762842891.2955163,307.0,136.0,139.0
1762842891.31939,308.0,136.0,139.0
1762842891.3654077,303.0,136.0,139.0
1762842891.428687,306.0,136.0,139.0
1762842891.43127,293.0,137.0,139.0
1762842891.4339507,295.0,136.0,139.0
1762842891.4548676,309.0,136.0,139.0
1762842891.4808092,303.0,136.0,139.0
1762842891.5279546,309.0,136.0,139.0
1762842891.5304859,326.0,136.0,139.0
1762842891.6065886,314.0,136.0,139.0
1762842891.608897,320.0,136.0,139.0
1762842891.612077,324.0,136.0,139.0
1762842891.6405714,316.0,136.0,139.0
1762842891.6631444,307.0,136.0,139.0
1762842891.7025073,319.0,136.0,139.0
1762842891.7371693,326.0,136.0,139.0
1762842891.7690594,321.0,137.0,139.0
1762842891.7718885,333.0,137.0,139.0
1762842891.79677,338.0,137.0,139.0
1762842891.8221014,336.0,136.0,139.0
1762842891.8657084,364.0,137.0,139.0
1762842891.9007661,374.0,136.0,139.0
1762842891.9453833,376.0,136.0,139.0
1762842891.9480972,379.0,137.0,139.0
1762842891.9789517,389.0,136.0,139.0
1762842891.983476,382.0,136.0,139.0
1762842892.0082285,375.0,136.0,139.0
1762842892.0482886,374.0,136.0,139.0
1762842892.1189597,365.0,136.0,139.0
1762842892.1218095,372.0,136.0,139.0
1762842892.1242604,360.0,136.0,139.0
1762842892.1483462,271.0,136.0,139.0
1762842892.168693,268.0,136.0,139.0
1762842892.2121694,277.0,136.0,139.0
1762842892.2432675,277.0,136.0,139.0
1762842892.2797334,287.0,136.0,139.0
1762842892.2831788,328.0,136.0,139.0
1762842892.3102016,360.0,136.0,139.0
1762842892.3369153,369.0,136.0,139.0
1762842892.3502018,383.0,137.0,139.0
1762842892.3819516,376.0,137.0,139.0
1762842892.4244287,368.0,136.0,139.0
1762842892.4551933,370.0,136.0,139.0
1762842892.4578898,350.0,137.0,138.0
1762842892.4866319,348.0,136.0,139.0
1762842892.510176,351.0,136.0,139.0
1762842892.5597432,365.0,136.0,139.0
1762842892.56209,341.0,136.0,139.0
1762842892.5983868,302.0,137.0,139.0
1762842892.633153,323.0,137.0,139.0
1762842892.6591449,337.0,137.0,139.0
1762842892.6758058,328.0,136.0,139.0
1762842892.6936476,335.0,136.0,139.0
1762842892.7301707,343.0,137.0,138.0
1762842892.760276,341.0,136.0,139.0
1762842892.7947807,331.0,136.0,139.0
1762842892.802909,312.0,137.0,139.0
1762842892.8378892,300.0,136.0,139.0
1762842892.8532016,311.0,136.0,139.0
1762842892.8928087,324.0,136.0,139.0
1762842892.9292862,334.0,136.0,139.0
1762842892.9612753,345.0,137.0,139.0
1762842892.9648266,354.0,137.0,139.0
1762842892.9916556,305.0,136.0,139.0
1762842893.0121398,288.0,137.0,139.0
1762842893.044655,290.0,136.0,139.0
1762842893.0886762,285.0,137.0,139.0
1762842893.1226137,293.0,136.0,139.0
1762842893.1259627,290.0,136.0,139.0
1762842893.1540952,291.0,137.0,139.0
1762842893.1745098,298.0,136.0,139.0
1762842893.1935663,305.0,136.0,139.0
1762842893.223613,303.0,137.0,139.0
1762842893.256854,338.0,136.0,139.0
1762842893.286625,390.0,136.0,139.0
1762842893.3218424,370.0,136.0,139.0
1762842893.3305914,384.0,136.0,139.0
1762842893.371423,451.0,136.0,139.0
1762842893.4034152,432.0,136.0,138.0
1762842893.4321434,428.0,136.0,139.0
1762842893.435846,382.0,136.0,139.0
1762842893.470735,355.0,136.0,139.0
1762842893.4841638,348.0,136.0,139.0
1762842893.5191193,351.0,136.0,139.0
1762842893.5604758,336.0,135.0,139.0
1762842893.6000025,348.0,136.0,139.0
1762842893.6018717,372.0,136.0,139.0
1762842893.633213,371.0,136.0,139.0
1762842893.6483483,374.0,137.0,139.0
1762842893.6721702,384.0,136.0,139.0
1762842893.7069323,367.0,136.0,139.0
1762842893.7446373,361.0,136.0,139.0
1762842893.7756822,361.0,136.0,139.0
1762842893.7799783,347.0,136.0,139.0
1762842893.8206348,336.0,136.0,139.0
1762842893.829629,336.0,136.0,139.0
1762842893.8744435,340.0,136.0,139.0
1762842893.9107375,326.0,136.0,139.0
1762842893.9463537,333.0,136.0,139.0
1762842893.9489563,338.0,136.0,139.0
1762842893.974246,337.0,136.0,139.0
1762842893.9982178,347.0,136.0,139.0
1762842894.0129216,343.0,137.0,139.0
1762842894.044433,318.0,136.0,139.0
1762842894.0882049,303.0,136.0,139.0
1762842894.1200697,320.0,135.0,139.0
1762842894.1222482,323.0,136.0,139.0
1762842894.1539345,318.0,136.0,139.0
1762842894.1794643,317.0,137.0,138.0
1762842894.2005627,295.0,136.0,139.0
1762842894.225586,309.0,136.0,139.0
1762842894.2584937,316.0,136.0,139.0
1762842894.2886083,311.0,137.0,139.0
1762842894.3371985,299.0,136.0,139.0
1762842894.343689,308.0,137.0,139.0
1762842894.3577766,301.0,137.0,139.0
1762842894.3936465,297.0,136.0,139.0
1762842894.4283378,310.0,135.0,139.0
1762842894.4725175,294.0,136.0,139.0
1762842894.4750633,285.0,136.0,139.0
1762842894.5025563,282.0,136.0,139.0
1762842894.5236113,290.0,136.0,139.0
1762842894.5411303,283.0,137.0,139.0
1762842894.6012232,278.0,137.0,139.0
1762842894.6131094,272.0,136.0,139.0
1762842894.6346543,271.0,137.0,139.0
1762842894.6658032,273.0,137.0,139.0
1762842894.6840186,296.0,136.0,139.0
1762842894.7010565,247.0,136.0,139.0
1762842894.7341075,240.0,136.0,139.0
1762842894.7684283,243.0,136.0,139.0
1762842894.784703,256.0,136.0,139.0
1762842894.8110504,281.0,136.0,139.0
1762842894.8458428,289.0,136.0,139.0
1762842894.8651385,299.0,136.0,139.0
1762842894.9071465,316.0,136.0,139.0
1762842894.9443016,327.0,136.0,139.0
1762842894.9813447,317.0,136.0,139.0
1762842894.985567,282.0,136.0,139.0
1762842895.0178776,242.0,136.0,139.0
1762842895.0201316,263.0,137.0,139.0
1762842895.0450692,325.0,137.0,139.0
1762842895.08527,300.0,136.0,139.0
1762842895.125054,307.0,137.0,139.0
1762842895.1614516,320.0,136.0,139.0
1762842895.1650174,323.0,137.0,139.0
1762842895.1978252,374.0,136.0,139.0
1762842895.217419,425.0,136.0,139.0
1762842895.2293055,433.0,136.0,139.0
1762842895.2652562,352.0,136.0,139.0
1762842895.308153,342.0,136.0,139.0
1762842895.3451624,356.0,136.0,139.0
1762842895.3474228,396.0,137.0,139.0
1762842895.379942,387.0,137.0,139.0
1762842895.3961942,365.0,137.0,139.0
1762842895.4135926,366.0,137.0,139.0
1762842895.4536986,381.0,136.0,139.0
1762842895.51295,394.0,136.0,139.0
1762842895.5214753,377.0,136.0,139.0
1762842895.5602214,368.0,136.0,139.0
1762842895.5649116,360.0,137.0,139.0
1762842895.5939944,332.0,136.0,139.0
1762842895.6160157,336.0,137.0,139.0
1762842895.6267889,339.0,136.0,139.0
1762842895.6511953,328.0,137.0,139.0
1762842895.6824236,305.0,136.0,139.0
1762842895.7314863,311.0,136.0,139.0
1762842895.7743852,309.0,136.0,139.0
1762842895.777645,295.0,136.0,139.0
1762842895.808737,309.0,137.0,139.0
1762842895.8187149,304.0,136.0,139.0
1762842895.8390558,279.0,137.0,139.0
1762842895.8806481,275.0,137.0,139.0
1762842895.9218066,280.0,137.0,139.0
1762842895.958281,269.0,136.0,139.0
1762842895.9616637,272.0,137.0,140.0
1762842895.9955738,265.0,136.0,140.0
1762842896.0158231,261.0,137.0,139.0
1762842896.026772,288.0,137.0,139.0
1762842896.0738604,270.0,137.0,139.0
1762842896.1049638,272.0,137.0,140.0
1762842896.1089158,291.0,136.0,139.0
1762842896.1433902,307.0,136.0,139.0
1762842896.1711402,293.0,136.0,139.0
1762842896.1898348,297.0,136.0,139.0
1762842896.208575,306.0,136.0,139.0
1762842896.2333179,297.0,137.0,139.0
1762842896.2656546,305.0,136.0,140.0
1762842896.299417,324.0,137.0,139.0
1762842896.3292115,318.0,137.0,139.0
1762842896.345089,310.0,137.0,139.0
1762842896.3674445,303.0,136.0,139.0
1762842896.3930547,317.0,137.0,139.0
1762842896.4286687,326.0,136.0,139.0
1762842896.4676845,328.0,136.0,139.0
1762842896.4943156,338.0,136.0,139.0
1762842896.5133765,364.0,136.0,139.0
1762842896.5236301,385.0,136.0,139.0
1762842896.567518,387.0,136.0,139.0
1762842896.6128004,376.0,137.0,139.0
1762842896.6514034,374.0,137.0,139.0
1762842896.6541016,379.0,136.0,139.0
1762842896.6839366,380.0,136.0,139.0
1762842896.6953444,383.0,136.0,139.0
1762842896.7143283,369.0,137.0,139.0
1762842896.7365015,349.0,137.0,139.0
1762842896.7650647,363.0,137.0,139.0
1762842896.8000598,370.0,136.0,139.0
1762842896.8379085,367.0,136.0,139.0
1762842896.8637347,348.0,137.0,139.0
1762842896.8823287,351.0,137.0,139.0
1762842896.8959963,361.0,137.0,139.0
1762842896.9351172,359.0,136.0,139.0
1762842896.973511,344.0,137.0,139.0
1762842896.9758642,338.0,137.0,138.0
1762842897.019419,332.0,137.0,139.0
1762842897.0468328,332.0,136.0,139.0
1762842897.065139,341.0,137.0,139.0
1762842897.0806885,331.0,136.0,139.0
1762842897.1136403,329.0,136.0,139.0
1762842897.1478379,333.0,137.0,139.0
1762842897.1777124,340.0,136.0,139.0
1762842897.2060735,341.0,136.0,139.0
1762842897.2204754,339.0,137.0,139.0
1762842897.2398481,334.0,137.0,139.0
1762842897.2676485,333.0,137.0,139.0
1762842897.3012033,321.0,137.0,139.0
1762842897.3309958,312.0,136.0,139.0
1762842897.3566887,326.0,136.0,139.0
1762842897.3746755,343.0,136.0,139.0
1762842897.4131193,335.0,136.0,139.0
1762842897.4458408,325.0,137.0,139.0
1762842897.4749,327.0,136.0,139.0
1762842897.4781501,329.0,136.0,139.0
1762842897.515212,323.0,137.0,139.0
1762842897.530582,311.0,136.0,139.0
1762842897.5598137,325.0,136.0,139.0
1762842897.5972123,342.0,136.0,139.0
1762842897.630721,333.0,136.0,139.0
1762842897.6511273,342.0,137.0,139.0
1762842897.6707678,341.0,136.0,139.0
1762842897.6869109,336.0,137.0,139.0
1762842897.717129,347.0,137.0,139.0
1762842897.7472107,353.0,136.0,139.0
1762842897.7807913,352.0,136.0,139.0
1762842897.8039675,333.0,136.0,139.0
1762842897.8190067,336.0,136.0,139.0
1762842897.8744469,309.0,136.0,139.0
1762842897.8751428,310.0,136.0,139.0
1762842897.9139135,321.0,136.0,139.0
1762842897.9437532,323.0,136.0,139.0
1762842897.9538841,320.0,136.0,139.0
1762842897.9892504,327.0,137.0,139.0
1762842898.0060828,312.0,136.0,139.0
1762842898.0479968,333.0,137.0,139.0
1762842898.0870557,334.0,136.0,139.0
1762842898.0888238,359.0,136.0,139.0
1762842898.1303914,407.0,136.0,139.0
1762842898.1598291,445.0,136.0,139.0
1762842898.1772811,477.0,137.0,138.0
1762842898.1906626,494.0,136.0,139.0
1762842898.232102,495.0,137.0,138.0
1762842898.2717185,511.0,137.0,139.0
1762842898.2765067,484.0,136.0,139.0
1762842898.3118489,467.0,136.0,139.0
1762842898.3390107,495.0,136.0,139.0
1762842898.35211,538.0,137.0,139.0
1762842898.3753123,516.0,136.0,139.0
1762842898.3997712,539.0,137.0,139.0
1762842898.507323,552.0,136.0,139.0
1762842898.5104415,534.0,136.0,139.0
1762842898.5303512,519.0,137.0,139.0
1762842898.5367012,520.0,137.0,139.0
1762842898.5467227,501.0,136.0,139.0
1762842898.5595264,467.0,136.0,138.0
1762842898.5947099,456.0,136.0,139.0
1762842898.628909,434.0,136.0,139.0
1762842898.658929,425.0,136.0,139.0
1762842898.685414,417.0,137.0,139.0
1762842898.7030594,381.0,136.0,139.0
1762842898.7190595,377.0,136.0,139.0
1762842898.7534451,368.0,136.0,139.0
1762842898.7895732,365.0,137.0,139.0
1762842898.8193378,354.0,136.0,139.0
1762842898.8446817,329.0,136.0,139.0
1762842898.8653057,305.0,136.0,139.0
1762842898.8782923,315.0,136.0,139.0
1762842898.9166265,294.0,137.0,139.0
1762842898.9583285,271.0,137.0,139.0
1762842898.983987,204.0,136.0,139.0
1762842898.9888916,219.0,136.0,140.0
1762842899.0175705,221.0,136.0,139.0
1762842899.038708,207.0,136.0,139.0
1762842899.0853193,205.0,136.0,139.0
1762842899.0877364,225.0,136.0,139.0
1762842899.1219516,233.0,136.0,139.0
1762842899.15888,215.0,137.0,139.0
1762842899.1928458,188.0,136.0,140.0
1762842899.210449,194.0,136.0,139.0
1762842899.2188988,204.0,136.0,140.0
1762842899.2656732,207.0,136.0,140.0
1762842899.29705,247.0,136.0,139.0
1762842899.3308184,266.0,136.0,139.0
1762842899.33429,269.0,136.0,139.0
1762842899.3637626,277.0,136.0,139.0
1762842899.3857944,306.0,136.0,140.0
1762842899.4067774,317.0,136.0,139.0
1762842899.4624448,307.0,136.0,139.0
1762842899.504287,329.0,137.0,139.0
1762842899.50681,346.0,136.0,139.0
1762842899.52769,357.0,136.0,139.0
1762842899.5520146,393.0,136.0,139.0
1762842899.562976,426.0,136.0,139.0
1762842899.602769,416.0,136.0,139.0
1762842899.6445327,392.0,136.0,139.0
1762842899.673345,386.0,137.0,139.0
1762842899.676194,406.0,136.0,139.0
1762842899.7053719,393.0,136.0,139.0
1762842899.7261214,383.0,136.0,139.0
1762842899.7682922,380.0,136.0,139.0
1762842899.8052301,377.0,136.0,139.0
1762842899.8389754,363.0,137.0,139.0
1762842899.8417094,354.0,136.0,139.0
1762842899.874255,361.0,137.0,139.0
1762842899.889117,360.0,136.0,139.0
1762842899.907183,357.0,137.0,139.0
1762842899.9413917,338.0,136.0,139.0
1762842899.9760153,341.0,136.0,139.0
1762842900.009631,340.0,136.0,139.0
1762842900.0150402,338.0,136.0,139.0
1762842900.0558045,329.0,136.0,139.0
1762842900.0667279,323.0,137.0,139.0
1762842900.105948,330.0,136.0,139.0
1762842900.1448174,340.0,136.0,139.0
1762842900.1796124,339.0,137.0,139.0
1762842900.182321,308.0,136.0,139.0
1762842900.212576,305.0,136.0,139.0
1762842900.2271338,308.0,137.0,139.0
1762842900.251166,312.0,136.0,139.0
1762842900.2798877,326.0,137.0,139.0
1762842900.3150728,314.0,136.0,139.0
1762842900.3498127,318.0,137.0,139.0
1762842900.380191,297.0,137.0,139.0
1762842900.3972805,292.0,136.0,139.0
1762842900.4105885,309.0,136.0,139.0
1762842900.4526927,299.0,137.0,139.0
1762842900.4944806,294.0,137.0,139.0
1762842900.5304575,291.0,136.0,139.0
1762842900.5328894,281.0,136.0,139.0
1762842900.5609155,298.0,137.0,139.0
1762842900.5819669,319.0,136.0,139.0
1762842900.595617,320.0,136.0,139.0
1762842900.6316254,323.0,136.0,139.0
1762842900.66847,302.0,136.0,139.0
1762842900.7071815,308.0,136.0,139.0
1762842900.7155316,324.0,136.0,139.0
1762842900.7388813,350.0,136.0,139.0
1762842900.7573965,357.0,137.0,139.0
1762842900.779554,336.0,137.0,139.0
1762842900.8130877,352.0,137.0,139.0
1762842900.8486307,371.0,137.0,139.0
1762842900.8816614,376.0,136.0,139.0
1762842900.9090562,373.0,136.0,139.0
1762842900.9275763,378.0,136.0,139.0
1762842900.9390244,411.0,136.0,139.0
1762842900.9727356,407.0,137.0,138.0
1762842901.0069578,420.0,136.0,139.0
1762842901.0397453,427.0,136.0,139.0
1762842901.0654159,385.0,136.0,139.0
1762842901.0841436,377.0,136.0,139.0
1762842901.0949316,387.0,136.0,139.0
1762842901.1337173,405.0,136.0,139.0
1762842901.1674066,395.0,136.0,139.0
1762842901.204083,378.0,136.0,139.0
1762842901.2070346,369.0,136.0,139.0
1762842901.2379732,376.0,136.0,139.0
1762842901.2588606,386.0,136.0,139.0
1762842901.3056543,373.0,137.0,139.0
1762842901.3079536,364.0,137.0,139.0
1762842901.3460412,367.0,137.0,139.0
1762842901.3814104,404.0,136.0,139.0
1762842901.4100997,430.0,136.0,139.0
1762842901.4293861,441.0,136.0,139.0
1762842901.4391716,423.0,136.0,139.0
1762842901.4767256,423.0,136.0,139.0
1762842901.5512226,439.0,137.0,138.0
1762842901.5556643,431.0,136.0,139.0
1762842901.559975,430.0,136.0,139.0
1762842901.5831192,401.0,137.0,139.0
1762842901.6053789,373.0,137.0,139.0
1762842901.6268935,400.0,136.0,139.0
1762842901.6564965,408.0,136.0,139.0
1762842901.6989257,379.0,136.0,139.0
1762842901.7355626,352.0,137.0,138.0
1762842901.7378726,361.0,137.0,139.0
1762842901.7668877,341.0,137.0,139.0
1762842901.7860742,327.0,136.0,139.0
1762842901.826034,339.0,136.0,139.0
1762842901.86201,348.0,137.0,139.0
1762842901.8992825,322.0,136.0,139.0
1762842901.9017906,326.0,137.0,139.0
1762842901.9288156,341.0,137.0,139.0
1762842901.9468982,341.0,136.0,139.0
1762842901.9674363,330.0,136.0,139.0
1762842901.9969862,328.0,136.0,139.0
1762842902.0341456,332.0,137.0,139.0
1762842902.0726638,349.0,136.0,139.0
1762842902.076304,327.0,136.0,139.0
1762842902.1060903,299.0,136.0,139.0
1762842902.1271417,300.0,137.0,139.0
1762842902.1612544,314.0,136.0,139.0
1762842902.197524,344.0,136.0,139.0
1762842902.2324145,371.0,137.0,139.0
1762842902.2601833,352.0,136.0,139.0
1762842902.2654593,343.0,136.0,139.0
1762842902.2868102,359.0,137.0,139.0
1762842902.3291142,364.0,136.0,139.0
1762842902.3655324,367.0,136.0,139.0
1762842902.4018888,388.0,137.0,139.0
1762842902.4038737,379.0,136.0,139.0
1762842902.432305,386.0,136.0,139.0
1762842902.453486,404.0,136.0,139.0
1762842902.4713366,392.0,136.0,139.0
1762842902.5064757,390.0,136.0,139.0
1762842902.5443525,369.0,137.0,138.0
1762842902.5799541,363.0,136.0,139.0
1762842902.5830367,360.0,136.0,139.0
1762842902.6123767,349.0,137.0,139.0
1762842902.6385064,353.0,136.0,139.0
1762842902.655577,357.0,137.0,139.0
1762842902.6899357,349.0,136.0,139.0
1762842902.726795,347.0,137.0,139.0
1762842902.761024,336.0,136.0,139.0
1762842902.7647524,328.0,136.0,139.0
1762842902.7966404,336.0,136.0,139.0
1762842902.8173091,346.0,137.0,139.0
1762842902.839794,344.0,136.0,139.0
1762842902.8685343,345.0,136.0,139.0
1762842902.9060948,342.0,136.0,139.0
1762842902.9409938,336.0,137.0,139.0
1762842902.9744663,348.0,136.0,139.0
1762842902.9821537,348.0,136.0,139.0
1762842903.0050094,331.0,137.0,139.0
1762842903.0243871,323.0,136.0,139.0
1762842903.0830247,322.0,136.0,139.0
1762842903.118405,320.0,136.0,139.0
1762842903.119951,336.0,136.0,139.0
1762842903.1570747,332.0,136.0,139.0
1762842903.1693363,322.0,136.0,139.0
1762842903.1841772,326.0,136.0,139.0
1762842903.2192528,308.0,137.0,139.0
1762842903.259912,309.0,137.0,139.0
1762842903.2960556,317.0,137.0,139.0
1762842903.299584,316.0,137.0,139.0
1762842903.329586,299.0,136.0,139.0
1762842903.3460226,311.0,136.0,139.0
1762842903.3893976,312.0,137.0,139.0
1762842903.4229355,316.0,136.0,139.0
1762842903.454907,312.0,136.0,139.0
1762842903.4571958,317.0,137.0,139.0
1762842903.4852078,304.0,136.0,139.0
1762842903.504672,290.0,136.0,139.0
1762842903.5282974,286.0,136.0,139.0
1762842903.5560634,306.0,136.0,139.0
1762842903.594192,319.0,137.0,139.0
1762842903.630845,324.0,136.0,139.0
1762842903.6566854,321.0,136.0,139.0
1762842903.668341,328.0,137.0,139.0
1762842903.6876626,343.0,136.0,139.0
1762842903.727002,351.0,137.0,139.0
1762842903.7719545,312.0,137.0,139.0
1762842903.7782001,266.0,136.0,139.0
1762842903.8114269,319.0,136.0,139.0
1762842903.8408804,339.0,137.0,139.0
1762842903.8583977,354.0,136.0,139.0
1762842903.8723412,355.0,136.0,139.0
1762842903.9135273,343.0,136.0,139.0
1762842903.9602542,334.0,137.0,139.0
1762842903.9980297,338.0,136.0,139.0
1762842904.0015686,339.0,136.0,139.0
1762842904.0332296,331.0,136.0,139.0
1762842904.0500405,322.0,137.0,139.0
1762842904.0584831,329.0,136.0,139.0
1762842904.1011608,332.0,136.0,139.0
1762842904.1425602,329.0,137.0,139.0
1762842904.1775734,325.0,136.0,139.0
1762842904.1819186,320.0,136.0,139.0
1762842904.210347,333.0,136.0,139.0
1762842904.228749,337.0,136.0,139.0
1762842904.24083,339.0,136.0,139.0
1762842904.2833633,345.0,137.0,139.0
1762842904.3230073,350.0,136.0,139.0
1762842904.3393643,340.0,137.0,139.0
1762842904.360112,340.0,136.0,139.0
1762842904.391446,334.0,136.0,139.0
1762842904.4113781,331.0,136.0,139.0
1762842904.4252996,327.0,136.0,139.0
1762842904.4621522,339.0,137.0,139.0
1762842904.49922,342.0,137.0,139.0
1762842904.5441911,332.0,136.0,139.0
1762842904.546476,331.0,136.0,139.0
1762842904.572875,341.0,136.0,139.0
1762842904.5961547,333.0,137.0,139.0
1762842904.6129982,333.0,137.0,139.0
1762842904.643618,332.0,136.0,139.0
1762842904.6812518,322.0,136.0,139.0
1762842904.7155597,321.0,137.0,139.0
1762842904.7189987,316.0,137.0,139.0
1762842904.7517197,350.0,136.0,139.0
1762842904.7699661,350.0,136.0,139.0
1762842904.81574,344.0,136.0,139.0
1762842904.8229053,342.0,137.0,139.0
1762842904.8616648,352.0,137.0,139.0
1762842904.897218,358.0,136.0,139.0
1762842904.9228082,363.0,136.0,139.0
1762842904.9451654,341.0,136.0,138.0
1762842904.9537747,334.0,136.0,139.0
1762842904.996094,330.0,136.0,139.0
1762842905.0343382,334.0,136.0,139.0
1762842905.0387876,320.0,136.0,139.0
1762842905.0694108,342.0,137.0,139.0
1762842905.0979395,344.0,136.0,139.0
1762842905.1175122,334.0,136.0,139.0
1762842905.141541,339.0,136.0,139.0
1762842905.1665578,349.0,136.0,139.0
1762842905.2022111,333.0,137.0,139.0
1762842905.2368119,331.0,137.0,139.0
1762842905.264707,333.0,136.0,139.0
1762842905.2850306,344.0,137.0,139.0
1762842905.297779,346.0,136.0,139.0
1762842905.3409228,349.0,136.0,139.0
1762842905.38229,346.0,136.0,139.0
1762842905.4173021,350.0,136.0,139.0
1762842905.420126,365.0,136.0,139.0
1762842905.450559,359.0,137.0,139.0
1762842905.4583058,334.0,137.0,139.0
1762842905.485307,340.0,137.0,139.0
1762842905.5262568,362.0,136.0,139.0
1762842905.5657833,365.0,136.0,139.0
1762842905.5704646,348.0,137.0,139.0
1762842905.6062205,343.0,136.0,139.0
1762842905.637939,361.0,137.0,139.0
1762842905.6576407,364.0,136.0,139.0
1762842905.6699939,368.0,136.0,139.0
1762842905.7125363,360.0,137.0,139.0
1762842905.7600567,353.0,137.0,139.0
1762842905.8021386,355.0,135.0,139.0
1762842905.8053286,365.0,136.0,139.0
1762842905.8322403,358.0,136.0,139.0
1762842905.8363287,350.0,136.0,139.0
1762842905.8605046,348.0,136.0,139.0
1762842905.8794432,360.0,137.0,138.0
1762842905.9126518,361.0,136.0,139.0
1762842905.954264,344.0,136.0,139.0
1762842905.9928315,339.0,136.0,139.0
1762842905.9963627,341.0,136.0,139.0
1762842906.027321,346.0,136.0,139.0
1762842906.0468864,352.0,136.0,139.0
1762842906.0636811,355.0,136.0,139.0
1762842906.0920668,324.0,136.0,139.0
1762842906.1271207,327.0,136.0,139.0
1762842906.166682,337.0,136.0,139.0
1762842906.1852033,330.0,136.0,139.0
1762842906.2461061,314.0,136.0,139.0
1762842906.2497842,320.0,136.0,139.0
1762842906.255281,329.0,136.0,139.0
1762842906.2765253,319.0,136.0,139.0
1762842906.3144252,327.0,136.0,139.0
1762842906.348828,325.0,136.0,139.0
1762842906.3851814,324.0,136.0,139.0
1762842906.3874216,340.0,136.0,139.0
1762842906.4159582,332.0,136.0,139.0
1762842906.4410744,293.0,137.0,139.0
1762842906.4807568,299.0,136.0,139.0
1762842906.520651,316.0,136.0,139.0
1762842906.5543113,310.0,136.0,139.0
1762842906.556705,296.0,136.0,139.0
1762842906.5909035,297.0,136.0,139.0
1762842906.5940804,314.0,136.0,139.0
1762842906.6225147,324.0,136.0,139.0
1762842906.6697805,314.0,136.0,139.0
1762842906.6844933,307.0,136.0,139.0
1762842906.7142415,316.0,136.0,139.0
1762842906.7529645,320.0,136.0,139.0
1762842906.755866,332.0,137.0,139.0
1762842906.7855408,337.0,136.0,139.0
1762842906.8159604,335.0,136.0,139.0
1762842906.8330424,339.0,137.0,139.0
1762842906.8649004,352.0,136.0,139.0
1762842906.9084804,347.0,136.0,139.0
1762842906.9421043,334.0,136.0,139.0
1762842906.9444335,323.0,136.0,139.0
1762842906.9740114,330.0,136.0,139.0
1762842906.9964507,330.0,136.0,139.0
1762842907.0176709,325.0,136.0,139.0
1762842907.051757,349.0,137.0,139.0
1762842907.088109,334.0,136.0,139.0
1762842907.126167,323.0,136.0,139.0
1762842907.130143,329.0,137.0,139.0
1762842907.158408,337.0,136.0,139.0
1762842907.1782563,338.0,136.0,139.0
1762842907.224775,328.0,136.0,139.0
1762842907.2271726,331.0,136.0,139.0
1762842907.2653956,332.0,136.0,139.0
1762842907.3054883,317.0,136.0,139.0
1762842907.312973,299.0,137.0,139.0
1762842907.33623,336.0,136.0,139.0
1762842907.3626797,345.0,136.0,139.0
1762842907.405515,325.0,136.0,139.0
1762842907.4452772,313.0,136.0,139.0
1762842907.4806528,320.0,136.0,139.0
1762842907.4862983,318.0,136.0,139.0
1762842907.5111094,315.0,136.0,139.0
1762842907.5324025,329.0,136.0,139.0
1762842907.5461385,321.0,136.0,139.0
1762842907.5833294,312.0,135.0,139.0
1762842907.6164758,320.0,136.0,139.0
1762842907.6521645,333.0,137.0,139.0
1762842907.6546016,342.0,136.0,139.0
1762842907.6854017,352.0,137.0,139.0
1762842907.7079616,332.0,135.0,139.0
1762842907.730565,336.0,137.0,139.0
1762842907.7567744,349.0,136.0,139.0
1762842907.7923667,365.0,137.0,139.0
1762842907.8264592,352.0,136.0,139.0
1762842907.8591835,349.0,136.0,139.0
1762842907.8680644,357.0,136.0,139.0
1762842907.890662,353.0,136.0,139.0
1762842907.9411268,336.0,136.0,139.0
1762842907.9432116,331.0,136.0,139.0
1762842907.990569,358.0,136.0,139.0
1762842908.0269198,354.0,137.0,139.0
1762842908.0304465,305.0,136.0,139.0
1762842908.0628335,285.0,136.0,139.0
1762842908.0827968,277.0,136.0,139.0
1762842908.099745,275.0,136.0,139.0
1762842908.1345663,283.0,136.0,139.0
1762842908.1679277,283.0,137.0,139.0
1762842908.2100172,292.0,136.0,139.0
1762842908.2125957,359.0,137.0,139.0
1762842908.2393913,388.0,136.0,139.0
1762842908.2637956,364.0,136.0,139.0
1762842908.2840953,330.0,136.0,139.0
1762842908.3205116,368.0,136.0,139.0
1762842908.3576164,377.0,137.0,139.0
1762842908.3940434,362.0,137.0,139.0
1762842908.3947861,323.0,136.0,139.0
1762842908.4284127,327.0,136.0,139.0
1762842908.4519355,320.0,136.0,139.0
1762842908.4715858,313.0,136.0,139.0
1762842908.4967856,282.0,136.0,139.0
1762842908.5337484,268.0,136.0,139.0
1762842908.5700924,258.0,135.0,139.0
1762842908.599233,325.0,136.0,139.0
1762842908.60781,349.0,137.0,139.0
1762842908.627827,378.0,136.0,139.0
1762842908.6632435,386.0,136.0,139.0
1762842908.7023773,383.0,136.0,139.0
1762842908.7373474,375.0,137.0,138.0
1762842908.7406387,372.0,136.0,139.0
1762842908.7691154,368.0,137.0,138.0
1762842908.793475,373.0,137.0,138.0
1762842908.8122647,361.0,136.0,138.0
1762842908.841745,364.0,137.0,139.0
1762842908.8742447,348.0,136.0,139.0
1762842908.907634,347.0,136.0,139.0
1762842908.9364796,350.0,136.0,139.0
1762842908.9538717,352.0,136.0,139.0
1762842908.9720075,363.0,136.0,139.0
1762842909.0009348,360.0,136.0,139.0
1762842909.0377777,347.0,137.0,138.0
1762842909.0758295,347.0,136.0,139.0
1762842909.1027472,346.0,136.0,139.0
1762842909.1180983,346.0,136.0,139.0
1762842909.131436,341.0,136.0,139.0
1762842909.1700435,312.0,137.0,139.0
1762842909.212659,300.0,136.0,139.0
1762842909.2459579,304.0,136.0,139.0
1762842909.248697,306.0,136.0,139.0
1762842909.2799242,243.0,136.0,139.0
1762842909.298399,227.0,136.0,139.0
1762842909.3159041,213.0,136.0,139.0
1762842909.3461301,240.0,136.0,139.0
1762842909.3839548,236.0,136.0,139.0
1762842909.4203353,245.0,137.0,139.0
1762842909.42726,271.0,136.0,139.0
1762842909.461319,287.0,136.0,139.0
1762842909.4753146,286.0,137.0,139.0
1762842909.5114102,285.0,136.0,139.0
1762842909.546513,303.0,136.0,139.0
1762842909.5859365,318.0,136.0,139.0
1762842909.588456,333.0,136.0,139.0
1762842909.615907,323.0,136.0,139.0
1762842909.632319,330.0,136.0,139.0
1762842909.6732805,366.0,136.0,139.0
1762842909.7069743,405.0,137.0,139.0
1762842909.7381694,410.0,135.0,139.0
1762842909.742013,401.0,136.0,139.0
1762842909.780685,411.0,137.0,138.0
1762842909.7911246,404.0,136.0,139.0
1762842909.8281841,405.0,136.0,139.0
1762842909.8653388,390.0,136.0,139.0
1762842909.8974593,378.0,136.0,139.0
1762842909.9003935,365.0,136.0,139.0
1762842909.9324217,391.0,137.0,139.0
1762842909.9518702,407.0,136.0,139.0
1762842909.9905272,382.0,136.0,139.0
1762842910.0390198,363.0,137.0,138.0
1762842910.0574858,336.0,136.0,139.0
1762842910.073274,320.0,136.0,139.0
1762842910.1110554,324.0,137.0,139.0
1762842910.1189501,324.0,137.0,139.0
1762842910.1414819,315.0,136.0,139.0
1762842910.1597016,328.0,136.0,139.0
1762842910.1885772,368.0,136.0,139.0
1762842910.2194726,344.0,136.0,139.0
1762842910.2504141,328.0,136.0,139.0
1762842910.2798998,320.0,136.0,139.0
1762842910.2982397,313.0,136.0,139.0
1762842910.3395066,320.0,136.0,139.0
1762842910.3736348,304.0,136.0,139.0
1762842910.4114416,305.0,136.0,139.0
1762842910.4150565,307.0,136.0,139.0
1762842910.4443834,318.0,135.0,139.0
1762842910.457824,334.0,137.0,139.0
1762842910.4791574,329.0,136.0,139.0
1762842910.5091958,313.0,137.0,139.0
1762842910.5534885,316.0,136.0,139.0
1762842910.5873628,327.0,136.0,139.0
1762842910.5901563,337.0,136.0,139.0
1762842910.6202714,329.0,136.0,139.0
1762842910.6407595,321.0,137.0,139.0
1762842910.685744,327.0,135.0,139.0
1762842910.7084498,315.0,136.0,139.0
1762842910.72604,334.0,136.0,139.0
1762842910.7712686,366.0,136.0,139.0
1762842910.7740884,369.0,137.0,139.0
1762842910.8034847,392.0,136.0,139.0
1762842910.8262575,384.0,136.0,139.0
1762842910.8688018,381.0,136.0,139.0
1762842910.9123838,384.0,136.0,139.0
1762842910.9471562,379.0,137.0,138.0
1762842910.9505289,374.0,136.0,139.0
1762842910.9764183,360.0,137.0,139.0
1762842910.993421,363.0,136.0,139.0
1762842911.0075355,357.0,136.0,139.0
1762842911.041808,354.0,136.0,139.0
1762842911.0762148,351.0,136.0,139.0
1762842911.1087315,358.0,136.0,139.0
1762842911.1292398,375.0,137.0,138.0
1762842911.1532283,404.0,136.0,139.0
1762842911.166912,402.0,136.0,139.0
1762842911.2064173,377.0,136.0,138.0
1762842911.2398818,341.0,137.0,138.0
1762842911.2714155,329.0,136.0,139.0
1762842911.2737458,326.0,136.0,139.0
1762842911.3123758,315.0,136.0,139.0
1762842911.3234026,313.0,136.0,139.0
1762842911.3644469,326.0,136.0,139.0
1762842911.4021015,321.0,136.0,139.0
1762842911.4315374,320.0,136.0,139.0
1762842911.4342737,309.0,136.0,139.0
1762842911.4642556,329.0,137.0,138.0
1762842911.4833636,368.0,136.0,139.0
1762842911.524284,386.0,136.0,139.0
1762842911.5585895,386.0,136.0,139.0
1762842911.5917246,387.0,136.0,139.0
1762842911.5953124,390.0,136.0,139.0
1762842911.6299355,371.0,136.0,139.0
1762842911.6430678,367.0,136.0,139.0
1762842911.6670794,372.0,136.0,139.0
1762842911.6963813,365.0,136.0,139.0
1762842911.7311783,361.0,136.0,139.0
1762842911.7629952,357.0,136.0,139.0
1762842911.7946875,348.0,137.0,139.0
1762842911.814269,356.0,136.0,139.0
1762842911.8273027,358.0,137.0,139.0
1762842911.8674386,369.0,136.0,139.0
1762842911.9041443,343.0,136.0,139.0
1762842911.9050019,339.0,136.0,139.0
1762842911.934858,346.0,136.0,139.0
1762842911.9649088,355.0,136.0,139.0
1762842911.9876897,361.0,136.0,139.0
1762842912.0386372,350.0,136.0,139.0
1762842912.0391252,334.0,136.0,139.0
1762842912.0744061,287.0,136.0,139.0
1762842912.1098588,280.0,137.0,139.0
1762842912.1366823,270.0,136.0,139.0
1762842912.1517696,257.0,136.0,139.0
1762842912.1706407,262.0,136.0,139.0
1762842912.1989768,260.0,136.0,139.0
1762842912.2294912,265.0,136.0,139.0
1762842912.2655053,269.0,137.0,139.0
1762842912.2962437,269.0,136.0,139.0
1762842912.3102555,267.0,137.0,139.0
1762842912.3300698,283.0,136.0,139.0
1762842912.355259,296.0,137.0,139.0
1762842912.389547,290.0,136.0,139.0
1762842912.419033,287.0,136.0,139.0
1762842912.4490895,302.0,137.0,139.0
1762842912.4663265,300.0,136.0,139.0
1762842912.4863808,305.0,136.0,139.0
1762842912.5146332,292.0,137.0,139.0
1762842912.5455558,299.0,136.0,139.0
1762842912.5759802,310.0,137.0,139.0
1762842912.6012406,321.0,136.0,139.0
1762842912.6251886,320.0,136.0,139.0
1762842912.6753273,312.0,137.0,138.0
1762842912.6757438,324.0,137.0,139.0
1762842912.7150583,338.0,136.0,139.0
1762842912.7543738,351.0,136.0,139.0
1762842912.7571526,334.0,135.0,139.0
1762842912.7906806,316.0,136.0,139.0
1762842912.809255,337.0,137.0,139.0
1762842912.8572783,333.0,136.0,139.0
1762842912.8584502,309.0,136.0,139.0
1762842912.8986163,281.0,136.0,139.0
1762842912.9288929,313.0,137.0,139.0
1762842912.9611347,334.0,136.0,139.0
1762842912.9775896,307.0,136.0,139.0
1762842912.9900198,304.0,136.0,139.0
1762842913.029256,300.0,136.0,139.0
1762842913.0506988,298.0,136.0,139.0
1762842913.0743449,299.0,137.0,139.0
1762842913.1048746,316.0,136.0,139.0
1762842913.1355405,318.0,136.0,139.0
1762842913.1526177,318.0,136.0,139.0
1762842913.1745205,326.0,136.0,139.0
1762842913.1996574,342.0,136.0,139.0
1762842913.233607,336.0,136.0,139.0
1762842913.269718,331.0,136.0,139.0
1762842913.3076231,336.0,136.0,139.0
1762842913.3230283,385.0,136.0,139.0
1762842913.3338566,395.0,136.0,139.0
1762842913.374331,395.0,136.0,139.0
1762842913.406718,410.0,136.0,139.0
1762842913.4383276,422.0,137.0,138.0
1762842913.4409242,409.0,136.0,139.0
1762842913.4771402,417.0,136.0,139.0
1762842913.489916,398.0,136.0,139.0
1762842913.5216472,382.0,136.0,139.0
1762842913.5514286,387.0,136.0,139.0
1762842913.5863028,379.0,136.0,139.0
1762842913.6171107,373.0,136.0,138.0
1762842913.629903,363.0,136.0,139.0
1762842913.6497111,373.0,136.0,139.0
1762842913.6777966,383.0,136.0,139.0
1762842913.7097788,378.0,136.0,139.0
1762842913.7431183,383.0,136.0,139.0
1762842913.777504,373.0,137.0,139.0
1762842913.7929347,362.0,136.0,139.0
1762842913.8095913,376.0,135.0,139.0
1762842913.8444517,369.0,136.0,139.0
1762842913.8823106,358.0,137.0,139.0
1762842913.9187932,400.0,136.0,139.0
1762842913.921736,421.0,136.0,139.0
1762842913.9518044,426.0,137.0,138.0
1762842913.9703379,411.0,136.0,139.0
1762842913.9939058,396.0,136.0,139.0
1762842914.0267165,406.0,136.0,139.0
1762842914.0674815,340.0,137.0,138.0
1762842914.0995095,318.0,136.0,139.0
1762842914.1010396,319.0,136.0,139.0
1762842914.1313682,319.0,137.0,139.0
1762842914.1541433,361.0,136.0,139.0
1762842914.1990135,383.0,137.0,139.0
1762842914.2331102,398.0,136.0,139.0
1762842914.2699971,374.0,136.0,139.0
1762842914.272469,367.0,136.0,139.0
1762842914.307498,370.0,136.0,139.0
1762842914.3266947,363.0,136.0,139.0
1762842914.337733,348.0,136.0,139.0
1762842914.3709903,361.0,135.0,139.0
1762842914.4096544,354.0,135.0,139.0
1762842914.4484835,341.0,136.0,139.0
1762842914.4511597,343.0,136.0,139.0
1762842914.4824095,344.0,136.0,139.0
1762842914.5014489,338.0,136.0,139.0
1762842914.5221858,339.0,136.0,139.0
1762842914.5493617,340.0,136.0,138.0
1762842914.5885813,354.0,136.0,139.0
1762842914.6241307,356.0,137.0,139.0
1762842914.6514702,358.0,136.0,139.0
1762842914.6591644,356.0,136.0,139.0
1762842914.6815567,334.0,136.0,139.0
1762842914.7138999,333.0,136.0,138.0
1762842914.749314,343.0,135.0,139.0
1762842914.7843666,283.0,136.0,139.0
1762842914.7911794,266.0,136.0,139.0
1762842914.817821,263.0,137.0,139.0
1762842914.837594,309.0,136.0,139.0
1762842914.8756902,331.0,136.0,139.0
1762842914.9140182,336.0,137.0,139.0
1762842914.9497159,343.0,136.0,139.0
1762842914.9519894,337.0,137.0,139.0
1762842914.9873133,326.0,136.0,139.0
1762842915.0011501,329.0,136.0,139.0
1762842915.0254538,304.0,136.0,139.0
1762842915.0526183,302.0,137.0,139.0
1762842915.0856855,303.0,137.0,139.0
1762842915.1202624,308.0,136.0,139.0
1762842915.154943,318.0,136.0,139.0
1762842915.1716998,333.0,136.0,139.0
1762842915.1818228,332.0,136.0,138.0
1762842915.2267182,315.0,135.0,139.0
1762842915.2628214,310.0,136.0,139.0
1762842915.3017466,345.0,136.0,139.0
1762842915.303723,355.0,136.0,139.0
1762842915.3345373,363.0,136.0,139.0
1762842915.3523357,370.0,136.0,139.0
1762842915.3662012,357.0,136.0,139.0
1762842915.4044793,371.0,136.0,139.0
1762842915.4444945,356.0,136.0,139.0
1762842915.4831622,356.0,136.0,139.0
1762842915.4864655,364.0,136.0,138.0
1762842915.5202894,361.0,135.0,139.0
1762842915.5413108,342.0,136.0,139.0
1762842915.5539374,352.0,136.0,139.0
1762842915.5903294,375.0,136.0,139.0
1762842915.6723776,379.0,136.0,139.0
1762842915.67352,369.0,136.0,138.0
1762842915.7074265,347.0,136.0,139.0
1762842915.7114456,337.0,136.0,139.0
1762842915.740938,333.0,136.0,138.0
1762842915.7484732,309.0,135.0,139.0
1762842915.7708092,306.0,137.0,139.0
1762842915.816887,302.0,136.0,139.0
1762842915.8174634,304.0,137.0,139.0
1762842915.8569167,310.0,137.0,139.0
1762842915.8884645,323.0,136.0,139.0
1762842915.920051,327.0,136.0,139.0
1762842915.9377522,315.0,136.0,139.0
1762842915.9483068,321.0,136.0,139.0
1762842915.9974866,324.0,136.0,139.0
1762842916.0009327,329.0,137.0,138.0
1762842916.0318973,333.0,137.0,139.0
1762842916.0783918,334.0,136.0,139.0
1762842916.0842502,336.0,136.0,139.0
1762842916.1186523,325.0,136.0,139.0
1762842916.140782,330.0,136.0,139.0
1762842916.1605766,314.0,137.0,139.0
1762842916.1945786,300.0,135.0,139.0
1762842916.2303853,286.0,137.0,139.0
1762842916.2641156,285.0,136.0,139.0
1762842916.273153,292.0,136.0,139.0
1762842916.2987218,306.0,136.0,139.0
1762842916.324057,314.0,136.0,139.0
1762842916.3642318,324.0,136.0,139.0
1762842916.4026613,319.0,136.0,139.0
1762842916.4180846,328.0,136.0,139.0
1762842916.4407587,349.0,137.0,138.0
1762842916.4725907,344.0,136.0,139.0
1762842916.4895637,323.0,136.0,139.0
1762842916.5051062,327.0,136.0,139.0
1762842916.5402849,331.0,136.0,139.0
1762842916.5773582,337.0,136.0,139.0
1762842916.612399,339.0,136.0,139.0
1762842916.6151283,357.0,136.0,138.0
1762842916.6495316,371.0,136.0,139.0
1762842916.6668556,376.0,136.0,139.0
1762842916.714613,364.0,136.0,139.0
1762842916.7170446,366.0,137.0,138.0
1762842916.7521865,370.0,136.0,139.0
1762842916.7909875,374.0,136.0,139.0
1762842916.8222935,379.0,136.0,139.0
1762842916.8293736,363.0,137.0,138.0
1762842916.8504086,377.0,135.0,139.0
1762842916.893304,410.0,135.0,139.0
1762842916.9307601,412.0,136.0,139.0
1762842916.9638922,431.0,136.0,139.0
1762842916.9742656,418.0,136.0,139.0
1762842917.0070333,399.0,137.0,138.0
1762842917.0133939,380.0,137.0,138.0
1762842917.0363233,368.0,136.0,139.0
1762842917.0577528,410.0,136.0,139.0
1762842917.089312,426.0,136.0,139.0
1762842917.131309,460.0,136.0,139.0
1762842917.1608164,467.0,136.0,139.0
1762842917.19152,496.0,136.0,139.0
1762842917.2072077,501.0,136.0,139.0
1762842917.2178686,469.0,136.0,138.0
1762842917.256558,433.0,137.0,138.0
1762842917.2961946,427.0,136.0,138.0
1762842917.3307595,417.0,136.0,139.0
1762842917.3344815,394.0,136.0,138.0
1762842917.3638673,372.0,137.0,138.0
1762842917.384729,350.0,137.0,138.0
1762842917.401769,333.0,135.0,139.0
1762842917.4561744,295.0,135.0,139.0
1762842917.492464,310.0,136.0,139.0
1762842917.4946926,295.0,137.0,139.0
1762842917.5275338,296.0,136.0,139.0
1762842917.546787,278.0,136.0,139.0
1762842917.561521,229.0,137.0,139.0
1762842917.5906017,226.0,136.0,139.0
1762842917.625546,224.0,136.0,139.0
1762842917.6591485,271.0,136.0,139.0
1762842917.6891117,283.0,136.0,139.0
1762842917.7061503,266.0,137.0,139.0
1762842917.720851,242.0,136.0,139.0
1762842917.761092,241.0,135.0,139.0
1762842917.7987566,261.0,137.0,139.0
1762842917.8379343,259.0,136.0,139.0
1762842917.8407803,265.0,136.0,139.0
1762842917.8671634,265.0,136.0,139.0
1762842917.8893518,244.0,136.0,139.0
1762842917.9053853,242.0,136.0,139.0
1762842917.9430132,226.0,136.0,139.0
1762842917.9788938,170.0,136.0,139.0
1762842918.020433,197.0,137.0,139.0
1762842918.0230904,244.0,135.0,139.0
1762842918.0554867,255.0,137.0,139.0
1762842918.0750413,262.0,136.0,139.0
1762842918.0899787,254.0,136.0,139.0
1762842918.1216626,274.0,136.0,139.0
1762842918.1624022,268.0,136.0,139.0
1762842918.196633,266.0,136.0,139.0
1762842918.1990426,242.0,137.0,139.0
1762842918.2389047,256.0,136.0,139.0
1762842918.2547755,259.0,136.0,139.0
1762842918.274197,261.0,136.0,139.0
1762842918.3186805,268.0,136.0,139.0
1762842918.3603776,286.0,136.0,139.0
1762842918.3700323,303.0,136.0,139.0
1762842918.407994,330.0,136.0,139.0
1762842918.4091492,335.0,136.0,139.0
1762842918.4453669,320.0,136.0,139.0
1762842918.466989,325.0,136.0,139.0
1762842918.5144918,321.0,136.0,139.0
1762842918.5151114,313.0,136.0,139.0
1762842918.553451,333.0,136.0,139.0
1762842918.5946336,345.0,136.0,138.0
1762842918.596906,347.0,136.0,139.0
1762842918.6254535,345.0,137.0,139.0
1762842918.6493366,361.0,135.0,139.0
1762842918.6966152,377.0,136.0,139.0
1762842918.6975565,388.0,137.0,139.0
1762842918.7378972,418.0,136.0,139.0
1762842918.773646,386.0,136.0,139.0
1762842918.8046234,370.0,136.0,139.0
1762842918.809427,344.0,136.0,139.0
1762842918.8348067,367.0,137.0,139.0
1762842918.8560455,379.0,136.0,139.0
1762842918.8839324,390.0,136.0,139.0
1762842918.9262953,399.0,136.0,139.0
1762842918.9638617,397.0,136.0,139.0
1762842918.971536,382.0,136.0,138.0
1762842918.9994698,363.0,137.0,138.0
1762842919.0237408,367.0,136.0,139.0
1762842919.0404584,389.0,136.0,139.0
1762842919.0742579,412.0,136.0,139.0
1762842919.1105392,413.0,136.0,139.0
1762842919.1505423,380.0,136.0,138.0
1762842919.153381,361.0,136.0,139.0
1762842919.1845756,365.0,136.0,139.0
1762842919.20804,377.0,137.0,138.0
1762842919.2243621,382.0,136.0,139.0
1762842919.260803,384.0,136.0,139.0
1762842919.2979538,379.0,136.0,139.0
1762842919.3382518,370.0,136.0,139.0
1762842919.340853,352.0,136.0,138.0
1762842919.374276,354.0,136.0,139.0
1762842919.3886497,349.0,137.0,138.0
1762842919.4125135,378.0,136.0,139.0
1762842919.442257,404.0,136.0,139.0
1762842919.4844632,416.0,136.0,139.0
1762842919.5258646,385.0,135.0,139.0
1762842919.5288372,371.0,136.0,139.0
1762842919.5629168,363.0,136.0,139.0
1762842919.5848985,358.0,136.0,139.0
1762842919.5969794,370.0,136.0,139.0
1762842919.6425917,377.0,136.0,139.0
1762842919.6802425,363.0,136.0,139.0
1762842919.6864266,340.0,137.0,139.0
1762842919.728481,340.0,135.0,139.0
1762842919.730743,336.0,136.0,139.0
1762842919.7697258,347.0,136.0,139.0
1762842919.7897794,351.0,136.0,139.0
1762842919.806083,353.0,136.0,139.0
1762842919.8477118,344.0,136.0,139.0
1762842919.8909307,320.0,136.0,139.0
1762842919.9352484,298.0,136.0,139.0
1762842919.93931,306.0,136.0,139.0
1762842919.9747903,324.0,136.0,139.0
1762842919.9832525,358.0,136.0,139.0
1762842919.9998822,342.0,136.0,139.0
1762842920.0195036,323.0,137.0,138.0
1762842920.049835,301.0,136.0,139.0
1762842920.092899,299.0,136.0,139.0
1762842920.1321037,305.0,136.0,139.0
1762842920.135437,295.0,135.0,139.0
1762842920.1704552,295.0,136.0,139.0
1762842920.1898587,297.0,136.0,138.0
1762842920.2034624,287.0,136.0,139.0
1762842920.243687,284.0,136.0,139.0
1762842920.2800884,301.0,136.0,139.0
1762842920.2854495,333.0,136.0,139.0
1762842920.3182583,340.0,136.0,139.0
1762842920.3529608,323.0,136.0,139.0
1762842920.3737636,332.0,136.0,139.0
1762842920.3878498,324.0,136.0,139.0
1762842920.4179585,321.0,135.0,139.0
1762842920.4589646,353.0,136.0,139.0
1762842920.4909496,377.0,137.0,139.0
1762842920.523641,374.0,136.0,139.0
1762842920.532342,378.0,136.0,139.0
1762842920.5521903,366.0,136.0,139.0
1762842920.5972557,340.0,136.0,139.0
1762842920.6338267,335.0,136.0,139.0
1762842920.6692288,324.0,136.0,139.0
1762842920.6715114,316.0,136.0,139.0
1762842920.7054543,316.0,136.0,139.0
1762842920.712474,323.0,136.0,139.0
1762842920.7320766,331.0,136.0,139.0
1762842920.7775962,331.0,136.0,139.0
1762842920.818627,331.0,136.0,139.0
1762842920.859223,331.0,136.0,139.0
1762842920.8621762,341.0,136.0,139.0
1762842920.864652,338.0,136.0,139.0
1762842920.896581,335.0,136.0,139.0
1762842920.9200995,330.0,135.0,139.0
1762842920.9621534,350.0,136.0,139.0
1762842920.975,356.0,136.0,139.0
1762842921.013077,333.0,137.0,139.0
1762842921.0484324,323.0,135.0,139.0
1762842921.0539286,336.0,136.0,139.0
1762842921.0862885,342.0,136.0,138.0
1762842921.1051188,335.0,136.0,139.0
1762842921.1469123,332.0,136.0,138.0
1762842921.1540487,314.0,136.0,139.0
1762842921.1897912,315.0,136.0,139.0
1762842921.2271376,334.0,136.0,139.0
1762842921.2569609,361.0,136.0,139.0
1762842921.275813,374.0,136.0,139.0
1762842921.288621,367.0,136.0,139.0
1762842921.3273425,366.0,136.0,139.0
1762842921.3628352,359.0,136.0,139.0
1762842921.3950167,338.0,135.0,139.0
1762842921.3977454,343.0,136.0,139.0
1762842921.4295628,349.0,135.0,139.0
1762842921.4476147,337.0,136.0,139.0
1762842921.494774,357.0,137.0,139.0
1762842921.4989007,355.0,136.0,139.0
1762842921.5326579,347.0,136.0,139.0
1762842921.5644526,319.0,137.0,138.0
1762842921.5997715,313.0,136.0,139.0
1762842921.6175797,331.0,136.0,139.0
1762842921.6325724,329.0,136.0,139.0
1762842921.671573,330.0,135.0,139.0
1762842921.716419,317.0,137.0,139.0
1762842921.745947,316.0,136.0,139.0
1762842921.748807,314.0,136.0,139.0
1762842921.7853637,324.0,136.0,138.0
1762842921.80113,318.0,136.0,138.0
1762842921.8171844,319.0,137.0,138.0
1762842921.8579426,329.0,136.0,139.0
1762842921.8927355,352.0,137.0,139.0
1762842921.9300954,344.0,136.0,138.0
1762842921.9315295,315.0,136.0,138.0
1762842921.9631517,322.0,137.0,139.0
1762842921.9874344,336.0,136.0,139.0
1762842922.001713,344.0,136.0,139.0
1762842922.0398607,342.0,136.0,139.0
1762842922.079862,349.0,136.0,139.0
1762842922.0845897,341.0,136.0,139.0
1762842922.1250505,313.0,136.0,139.0
1762842922.1605685,358.0,136.0,139.0
1762842922.1679502,344.0,136.0,139.0
1762842922.1864305,336.0,136.0,139.0
1762842922.229187,386.0,136.0,139.0
1762842922.2657902,407.0,137.0,139.0
1762842922.3025868,427.0,135.0,139.0
1762842922.3072355,425.0,136.0,139.0
1762842922.3430195,417.0,136.0,139.0
1762842922.3504245,418.0,136.0,139.0
1762842922.3716235,362.0,136.0,138.0
1762842922.3986068,375.0,136.0,139.0
1762842922.4241867,404.0,136.0,139.0
1762842922.4516695,372.0,135.0,139.0
1762842922.4768426,331.0,136.0,138.0
1762842922.5014706,286.0,136.0,139.0
1762842922.5300622,305.0,136.0,139.0
1762842922.582916,280.0,136.0,139.0
1762842922.6168246,258.0,136.0,139.0
1762842922.6195893,254.0,136.0,139.0
1762842922.654582,263.0,136.0,139.0
1762842922.6671922,298.0,136.0,139.0
1762842922.6894057,301.0,136.0,139.0
1762842922.714496,295.0,136.0,139.0
1762842922.7424047,285.0,136.0,139.0
1762842922.7676988,289.0,135.0,139.0
1762842922.7921731,311.0,137.0,138.0
1762842922.8208158,312.0,136.0,139.0
1762842922.8453326,314.0,136.0,139.0
1762842922.8738596,321.0,137.0,139.0
1762842922.8991148,316.0,136.0,139.0
1762842922.9270122,323.0,136.0,139.0
1762842922.9519827,320.0,136.0,139.0
1762842922.9801211,313.0,136.0,139.0
1762842923.0052278,319.0,136.0,139.0
1762842923.0299137,349.0,136.0,139.0
1762842923.058521,351.0,137.0,139.0
1762842923.0831296,339.0,137.0,138.0
1762842923.1115577,340.0,136.0,139.0
1762842923.1361952,329.0,137.0,138.0
1762842923.164652,334.0,136.0,139.0
1762842923.1894445,340.0,136.0,139.0
1762842923.217774,353.0,136.0,139.0
1762842923.2427104,382.0,136.0,139.0
1762842923.2709699,344.0,136.0,139.0
1762842923.2960448,344.0,136.0,138.0
1762842923.3205526,338.0,135.0,139.0
1762842923.3493752,347.0,136.0,139.0
1762842923.374273,339.0,137.0,139.0
1762842923.402443,339.0,136.0,139.0
1762842923.427148,348.0,136.0,139.0
1762842923.4555619,347.0,136.0,139.0
1762842923.4803255,342.0,136.0,139.0
1762842923.5091677,347.0,137.0,139.0
1762842923.5338485,340.0,136.0,139.0
1762842923.5616243,325.0,137.0,138.0
1762842923.598605,341.0,136.0,139.0
1762842923.632006,334.0,136.0,139.0
1762842923.6629114,352.0,136.0,139.0
1762842923.6807861,345.0,136.0,139.0
1762842923.6931884,334.0,136.0,139.0
1762842923.7237177,330.0,136.0,139.0
1762842923.7617066,340.0,136.0,139.0
1762842923.7929184,349.0,135.0,139.0
1762842923.8251574,343.0,136.0,139.0
1762842923.8281286,333.0,136.0,139.0
1762842923.8491943,348.0,136.0,139.0
1762842923.8811848,338.0,136.0,139.0
1762842923.9174354,329.0,136.0,139.0
1762842923.9490268,320.0,136.0,139.0
1762842923.986462,305.0,135.0,139.0
1762842923.9877434,317.0,135.0,139.0
1762842924.0089152,307.0,136.0,139.0
1762842924.046904,326.0,136.0,139.0
1762842924.079205,346.0,136.0,139.0
1762842924.114676,295.0,136.0,138.0
1762842924.1189225,265.0,137.0,138.0
1762842924.1462479,272.0,136.0,139.0
1762842924.1692965,270.0,136.0,139.0
1762842924.208313,282.0,136.0,139.0
1762842924.2455115,295.0,137.0,139.0
1762842924.2785249,320.0,136.0,139.0
1762842924.280889,357.0,135.0,139.0
1762842924.3114636,367.0,136.0,138.0
1762842924.3302815,368.0,136.0,139.0
1762842924.371693,374.0,136.0,139.0
1762842924.402561,374.0,136.0,139.0
1762842924.4378633,384.0,135.0,139.0
1762842924.4437847,365.0,136.0,138.0
1762842924.4708784,363.0,135.0,139.0
1762842924.4898627,369.0,137.0,138.0
1762842924.5336301,376.0,136.0,139.0
1762842924.5664544,376.0,136.0,138.0
1762842924.6454177,372.0,136.0,139.0
1762842924.6473687,372.0,136.0,139.0
1762842924.649275,385.0,136.0,139.0
1762842924.6782475,400.0,136.0,139.0
1762842924.6817083,382.0,136.0,139.0
1762842924.7027273,369.0,136.0,139.0
1762842924.743792,377.0,137.0,139.0
1762842924.7788525,369.0,136.0,138.0
1762842924.8090324,366.0,136.0,139.0
1762842924.8111591,374.0,136.0,139.0
1762842924.8439167,378.0,136.0,139.0
1762842924.8632162,368.0,137.0,138.0
1762842924.8813083,320.0,136.0,138.0
1762842924.943153,306.0,136.0,138.0
1762842924.9723682,308.0,136.0,139.0
1762842924.9743464,315.0,136.0,139.0
1762842925.009535,298.0,136.0,139.0
1762842925.014314,259.0,136.0,138.0
1762842925.0407748,246.0,137.0,139.0
1762842925.0684614,262.0,136.0,139.0
1762842925.105061,279.0,136.0,139.0
1762842925.1410375,285.0,136.0,139.0
1762842925.173095,294.0,136.0,139.0
1762842925.1769273,311.0,136.0,139.0
1762842925.200143,321.0,136.0,139.0
1762842925.2368443,326.0,135.0,139.0
1762842925.2734494,328.0,136.0,139.0
1762842925.304751,347.0,136.0,139.0
1762842925.310688,341.0,136.0,139.0
1762842925.3391633,350.0,136.0,139.0
1762842925.3632853,354.0,136.0,139.0
1762842925.4039776,346.0,136.0,139.0
1762842925.4388661,385.0,136.0,139.0
1762842925.4694772,402.0,136.0,139.0
1762842925.4746988,414.0,136.0,138.0
1762842925.503612,397.0,136.0,138.0
1762842925.5201535,385.0,136.0,138.0
1762842925.5412383,370.0,136.0,138.0
1762842925.5997152,389.0,135.0,139.0
1762842925.6290066,390.0,136.0,139.0
1762842925.63176,388.0,136.0,139.0
1762842925.6633506,383.0,137.0,138.0
1762842925.6844096,354.0,136.0,139.0
1762842925.700589,354.0,136.0,139.0
1762842925.728631,338.0,135.0,139.0
1762842925.7596664,339.0,136.0,139.0
1762842925.793116,335.0,136.0,139.0
1762842925.8241315,339.0,136.0,139.0
1762842925.8456252,340.0,136.0,139.0
1762842925.8602765,333.0,136.0,139.0
1762842925.885843,339.0,136.0,139.0
1762842925.9173927,345.0,135.0,139.0
1762842925.952089,336.0,135.0,139.0
1762842925.9784348,346.0,135.0,139.0
1762842926.0016983,345.0,136.0,139.0
1762842926.0193954,331.0,136.0,139.0
1762842926.0459533,334.0,136.0,139.0
1762842926.0806954,338.0,136.0,139.0
1762842926.1102445,312.0,136.0,139.0
1762842926.1416576,302.0,136.0,139.0
1762842926.1571264,304.0,136.0,139.0
1762842926.1757088,285.0,136.0,139.0
